filename,category,fold,recording
Passengers/10__10_07_13_marDeOnza_Sale_seg5.wav,Passengers,5,10__10_07_13_marDeOnza_Sale
Passengers/10__10_07_13_marDeOnza_Sale_seg10.wav,Passengers,5,10__10_07_13_marDeOnza_Sale
Passengers/10__10_07_13_marDeOnza_Sale_seg15.wav,Passengers,5,10__10_07_13_marDeOnza_Sale
Passengers/10__10_07_13_marDeOnza_Sale_seg20.wav,Passengers,5,10__10_07_13_marDeOnza_Sale
Passengers/10__10_07_13_marDeOnza_Sale_seg25.wav,Passengers,5,10__10_07_13_marDeOnza_Sale
Passengers/10__10_07_13_marDeOnza_Sale_seg30.wav,Passengers,5,10__10_07_13_marDeOnza_Sale
Passengers/11__10_07_13_minhoUno_Entra_seg5.wav,Passengers,5,11__10_07_13_minhoUno_Entra
Passengers/11__10_07_13_minhoUno_Entra_seg10.wav,Passengers,5,11__10_07_13_minhoUno_Entra
Passengers/11__10_07_13_minhoUno_Entra_seg15.wav,Passengers,5,11__10_07_13_minhoUno_Entra
Passengers/12__10_07_13_minhoUno_Sale_seg5.wav,Passengers,5,12__10_07_13_minhoUno_Sale
Passengers/12__10_07_13_minhoUno_Sale_seg10.wav,Passengers,5,12__10_07_13_minhoUno_Sale
Passengers/12__10_07_13_minhoUno_Sale_seg15.wav,Passengers,5,12__10_07_13_minhoUno_Sale
Passengers/12__10_07_13_minhoUno_Sale_seg20.wav,Passengers,5,12__10_07_13_minhoUno_Sale
Passengers/17__10_07_13_visionSub_Entra_seg5.wav,Passengers,5,17__10_07_13_visionSub_Entra
Passengers/17__10_07_13_visionSub_Entra_seg10.wav,Passengers,5,17__10_07_13_visionSub_Entra
Passengers/17__10_07_13_visionSub_Entra_seg15.wav,Passengers,5,17__10_07_13_visionSub_Entra
Passengers/34__19_07_13_MarDeOnza_Llega_seg5.wav,Passengers,5,34__19_07_13_MarDeOnza_Llega
Passengers/34__19_07_13_MarDeOnza_Llega_seg10.wav,Passengers,5,34__19_07_13_MarDeOnza_Llega
Passengers/34__19_07_13_MarDeOnza_Llega_seg15.wav,Passengers,5,34__19_07_13_MarDeOnza_Llega
Passengers/34__19_07_13_MarDeOnza_Llega_seg20.wav,Passengers,5,34__19_07_13_MarDeOnza_Llega
Passengers/35__19_07_13_MarDeOnza_sale_seg5.wav,Passengers,5,35__19_07_13_MarDeOnza_sale
Passengers/35__19_07_13_MarDeOnza_sale_seg10.wav,Passengers,5,35__19_07_13_MarDeOnza_sale
Passengers/35__19_07_13_MarDeOnza_sale_seg15.wav,Passengers,5,35__19_07_13_MarDeOnza_sale
Passengers/38__19_07_13_Arroios_Sale_2entran_seg5.wav,Passengers,5,38__19_07_13_Arroios_Sale_2entran
Passengers/38__19_07_13_Arroios_Sale_2entran_seg10.wav,Passengers,5,38__19_07_13_Arroios_Sale_2entran
Passengers/38__19_07_13_Arroios_Sale_2entran_seg15.wav,Passengers,5,38__19_07_13_Arroios_Sale_2entran
Passengers/38__19_07_13_Arroios_Sale_2entran_seg20.wav,Passengers,5,38__19_07_13_Arroios_Sale_2entran
Passengers/40__19_07_13_MarDeCangas_Llega_Interf_seg5.wav,Passengers,5,40__19_07_13_MarDeCangas_Llega_Interf
Passengers/42__19_07_13_PirataCies_Sale_seg5.wav,Passengers,5,42__19_07_13_PirataCies_Sale
Passengers/42__19_07_13_PirataCies_Sale_seg10.wav,Passengers,5,42__19_07_13_PirataCies_Sale
Passengers/43__19_07_13_PirataDeCies_Llega_Interf_seg5.wav,Passengers,5,43__19_07_13_PirataDeCies_Llega_Interf
Passengers/43__19_07_13_PirataDeCies_Llega_Interf_seg10.wav,Passengers,5,43__19_07_13_PirataDeCies_Llega_Interf
Passengers/54__23_07_13_H3_PirataSalvora_SALE1_seg5.wav,Passengers,5,54__23_07_13_H3_PirataSalvora_SALE1
Passengers/54__23_07_13_H3_PirataSalvora_SALE1_seg10.wav,Passengers,5,54__23_07_13_H3_PirataSalvora_SALE1
Passengers/60__23_07_13_H3_MarDeCangas_LLEGA_seg5.wav,Passengers,5,60__23_07_13_H3_MarDeCangas_LLEGA
Passengers/60__23_07_13_H3_MarDeCangas_LLEGA_seg10.wav,Passengers,5,60__23_07_13_H3_MarDeCangas_LLEGA
Passengers/60__23_07_13_H3_MarDeCangas_LLEGA_seg15.wav,Passengers,5,60__23_07_13_H3_MarDeCangas_LLEGA
Passengers/60__23_07_13_H3_MarDeCangas_LLEGA_seg20.wav,Passengers,5,60__23_07_13_H3_MarDeCangas_LLEGA
Passengers/60__23_07_13_H3_MarDeCangas_LLEGA_seg25.wav,Passengers,5,60__23_07_13_H3_MarDeCangas_LLEGA
Passengers/60__23_07_13_H3_MarDeCangas_LLEGA_seg30.wav,Passengers,5,60__23_07_13_H3_MarDeCangas_LLEGA
Passengers/60__23_07_13_H3_MarDeCangas_LLEGA_seg35.wav,Passengers,5,60__23_07_13_H3_MarDeCangas_LLEGA
Passengers/60__23_07_13_H3_MarDeCangas_LLEGA_seg40.wav,Passengers,5,60__23_07_13_H3_MarDeCangas_LLEGA
Passengers/60__23_07_13_H3_MarDeCangas_LLEGA_seg45.wav,Passengers,5,60__23_07_13_H3_MarDeCangas_LLEGA
Passengers/60__23_07_13_H3_MarDeCangas_LLEGA_seg50.wav,Passengers,5,60__23_07_13_H3_MarDeCangas_LLEGA
Passengers/60__23_07_13_H3_MarDeCangas_LLEGA_seg55.wav,Passengers,5,60__23_07_13_H3_MarDeCangas_LLEGA
Passengers/60__23_07_13_H3_MarDeCangas_LLEGA_seg60.wav,Passengers,5,60__23_07_13_H3_MarDeCangas_LLEGA
Passengers/60__23_07_13_H3_MarDeCangas_LLEGA_seg65.wav,Passengers,5,60__23_07_13_H3_MarDeCangas_LLEGA
Passengers/61__23_07_13_H3_MarDeCangas_SALE-2_seg5.wav,Passengers,5,61__23_07_13_H3_MarDeCangas_SALE-2
Passengers/61__23_07_13_H3_MarDeCangas_SALE-2_seg10.wav,Passengers,5,61__23_07_13_H3_MarDeCangas_SALE-2
Passengers/61__23_07_13_H3_MarDeCangas_SALE-2_seg15.wav,Passengers,5,61__23_07_13_H3_MarDeCangas_SALE-2
Passengers/61__23_07_13_H3_MarDeCangas_SALE-2_seg20.wav,Passengers,5,61__23_07_13_H3_MarDeCangas_SALE-2
Passengers/61__23_07_13_H3_MarDeCangas_SALE-2_seg25.wav,Passengers,5,61__23_07_13_H3_MarDeCangas_SALE-2
Passengers/62__23_07_13_H3_MarDeCangas_SALE_seg5.wav,Passengers,5,62__23_07_13_H3_MarDeCangas_SALE
Passengers/62__23_07_13_H3_MarDeCangas_SALE_seg10.wav,Passengers,5,62__23_07_13_H3_MarDeCangas_SALE
Passengers/62__23_07_13_H3_MarDeCangas_SALE_seg15.wav,Passengers,5,62__23_07_13_H3_MarDeCangas_SALE
Passengers/62__23_07_13_H3_MarDeCangas_SALE_seg20.wav,Passengers,5,62__23_07_13_H3_MarDeCangas_SALE
Passengers/62__23_07_13_H3_MarDeCangas_SALE_seg25.wav,Passengers,5,62__23_07_13_H3_MarDeCangas_SALE
Passengers/62__23_07_13_H3_MarDeCangas_SALE_seg30.wav,Passengers,5,62__23_07_13_H3_MarDeCangas_SALE
Passengers/62__23_07_13_H3_MarDeCangas_SALE_seg35.wav,Passengers,5,62__23_07_13_H3_MarDeCangas_SALE
Passengers/62__23_07_13_H3_MarDeCangas_SALE_seg40.wav,Passengers,5,62__23_07_13_H3_MarDeCangas_SALE
Passengers/62__23_07_13_H3_MarDeCangas_SALE_seg45.wav,Passengers,5,62__23_07_13_H3_MarDeCangas_SALE
Passengers/62__23_07_13_H3_MarDeCangas_SALE_seg50.wav,Passengers,5,62__23_07_13_H3_MarDeCangas_SALE
Passengers/62__23_07_13_H3_MarDeCangas_SALE_seg55.wav,Passengers,5,62__23_07_13_H3_MarDeCangas_SALE
Passengers/62__23_07_13_H3_MarDeCangas_SALE_seg60.wav,Passengers,5,62__23_07_13_H3_MarDeCangas_SALE
Passengers/64__23_07_13_H3_MarDeOnza_SALE_seg5.wav,Passengers,5,64__23_07_13_H3_MarDeOnza_SALE
Passengers/64__23_07_13_H3_MarDeOnza_SALE_seg10.wav,Passengers,5,64__23_07_13_H3_MarDeOnza_SALE
Passengers/64__23_07_13_H3_MarDeOnza_SALE_seg15.wav,Passengers,5,64__23_07_13_H3_MarDeOnza_SALE
Passengers/64__23_07_13_H3_MarDeOnza_SALE_seg20.wav,Passengers,5,64__23_07_13_H3_MarDeOnza_SALE
Passengers/64__23_07_13_H3_MarDeOnza_SALE_seg25.wav,Passengers,5,64__23_07_13_H3_MarDeOnza_SALE
Passengers/65__23_07_13_H3_MinhoUno_LLEGA_seg5.wav,Passengers,5,65__23_07_13_H3_MinhoUno_LLEGA
Passengers/65__23_07_13_H3_MinhoUno_LLEGA_seg10.wav,Passengers,5,65__23_07_13_H3_MinhoUno_LLEGA
Passengers/65__23_07_13_H3_MinhoUno_LLEGA_seg15.wav,Passengers,5,65__23_07_13_H3_MinhoUno_LLEGA
Passengers/65__23_07_13_H3_MinhoUno_LLEGA_seg20.wav,Passengers,5,65__23_07_13_H3_MinhoUno_LLEGA
Passengers/65__23_07_13_H3_MinhoUno_LLEGA_seg25.wav,Passengers,5,65__23_07_13_H3_MinhoUno_LLEGA
Passengers/65__23_07_13_H3_MinhoUno_LLEGA_seg30.wav,Passengers,5,65__23_07_13_H3_MinhoUno_LLEGA
Passengers/8__10_07_13_marDeOnza_Entra_seg5.wav,Passengers,5,8__10_07_13_marDeOnza_Entra
Passengers/8__10_07_13_marDeOnza_Entra_seg10.wav,Passengers,5,8__10_07_13_marDeOnza_Entra
Passengers/8__10_07_13_marDeOnza_Entra_seg15.wav,Passengers,5,8__10_07_13_marDeOnza_Entra
Passengers/9__10_07_13_marDeOnza_Espera_seg5.wav,Passengers,5,9__10_07_13_marDeOnza_Espera
Passengers/9__10_07_13_marDeOnza_Espera_seg10.wav,Passengers,5,9__10_07_13_marDeOnza_Espera
Passengers/10__10_07_13_marDeOnza_Sale_seg1.wav,Passengers,1,10__10_07_13_marDeOnza_Sale
Passengers/10__10_07_13_marDeOnza_Sale_seg2.wav,Passengers,2,10__10_07_13_marDeOnza_Sale
Passengers/10__10_07_13_marDeOnza_Sale_seg3.wav,Passengers,3,10__10_07_13_marDeOnza_Sale
Passengers/10__10_07_13_marDeOnza_Sale_seg4.wav,Passengers,4,10__10_07_13_marDeOnza_Sale
Passengers/10__10_07_13_marDeOnza_Sale_seg6.wav,Passengers,1,10__10_07_13_marDeOnza_Sale
Passengers/10__10_07_13_marDeOnza_Sale_seg7.wav,Passengers,2,10__10_07_13_marDeOnza_Sale
Passengers/10__10_07_13_marDeOnza_Sale_seg8.wav,Passengers,3,10__10_07_13_marDeOnza_Sale
Passengers/10__10_07_13_marDeOnza_Sale_seg9.wav,Passengers,4,10__10_07_13_marDeOnza_Sale
Passengers/10__10_07_13_marDeOnza_Sale_seg11.wav,Passengers,1,10__10_07_13_marDeOnza_Sale
Passengers/10__10_07_13_marDeOnza_Sale_seg12.wav,Passengers,2,10__10_07_13_marDeOnza_Sale
Passengers/10__10_07_13_marDeOnza_Sale_seg13.wav,Passengers,3,10__10_07_13_marDeOnza_Sale
Passengers/10__10_07_13_marDeOnza_Sale_seg14.wav,Passengers,4,10__10_07_13_marDeOnza_Sale
Passengers/10__10_07_13_marDeOnza_Sale_seg16.wav,Passengers,1,10__10_07_13_marDeOnza_Sale
Passengers/10__10_07_13_marDeOnza_Sale_seg17.wav,Passengers,2,10__10_07_13_marDeOnza_Sale
Passengers/10__10_07_13_marDeOnza_Sale_seg18.wav,Passengers,3,10__10_07_13_marDeOnza_Sale
Passengers/10__10_07_13_marDeOnza_Sale_seg19.wav,Passengers,4,10__10_07_13_marDeOnza_Sale
Passengers/10__10_07_13_marDeOnza_Sale_seg21.wav,Passengers,1,10__10_07_13_marDeOnza_Sale
Passengers/10__10_07_13_marDeOnza_Sale_seg22.wav,Passengers,2,10__10_07_13_marDeOnza_Sale
Passengers/10__10_07_13_marDeOnza_Sale_seg23.wav,Passengers,3,10__10_07_13_marDeOnza_Sale
Passengers/10__10_07_13_marDeOnza_Sale_seg24.wav,Passengers,4,10__10_07_13_marDeOnza_Sale
Passengers/10__10_07_13_marDeOnza_Sale_seg26.wav,Passengers,1,10__10_07_13_marDeOnza_Sale
Passengers/10__10_07_13_marDeOnza_Sale_seg27.wav,Passengers,2,10__10_07_13_marDeOnza_Sale
Passengers/10__10_07_13_marDeOnza_Sale_seg28.wav,Passengers,3,10__10_07_13_marDeOnza_Sale
Passengers/10__10_07_13_marDeOnza_Sale_seg29.wav,Passengers,4,10__10_07_13_marDeOnza_Sale
Passengers/11__10_07_13_minhoUno_Entra_seg1.wav,Passengers,1,11__10_07_13_minhoUno_Entra
Passengers/11__10_07_13_minhoUno_Entra_seg2.wav,Passengers,2,11__10_07_13_minhoUno_Entra
Passengers/11__10_07_13_minhoUno_Entra_seg3.wav,Passengers,3,11__10_07_13_minhoUno_Entra
Passengers/11__10_07_13_minhoUno_Entra_seg4.wav,Passengers,4,11__10_07_13_minhoUno_Entra
Passengers/11__10_07_13_minhoUno_Entra_seg6.wav,Passengers,1,11__10_07_13_minhoUno_Entra
Passengers/11__10_07_13_minhoUno_Entra_seg7.wav,Passengers,2,11__10_07_13_minhoUno_Entra
Passengers/11__10_07_13_minhoUno_Entra_seg8.wav,Passengers,3,11__10_07_13_minhoUno_Entra
Passengers/11__10_07_13_minhoUno_Entra_seg9.wav,Passengers,4,11__10_07_13_minhoUno_Entra
Passengers/11__10_07_13_minhoUno_Entra_seg11.wav,Passengers,1,11__10_07_13_minhoUno_Entra
Passengers/11__10_07_13_minhoUno_Entra_seg12.wav,Passengers,2,11__10_07_13_minhoUno_Entra
Passengers/11__10_07_13_minhoUno_Entra_seg13.wav,Passengers,3,11__10_07_13_minhoUno_Entra
Passengers/11__10_07_13_minhoUno_Entra_seg14.wav,Passengers,4,11__10_07_13_minhoUno_Entra
Passengers/11__10_07_13_minhoUno_Entra_seg16.wav,Passengers,1,11__10_07_13_minhoUno_Entra
Passengers/12__10_07_13_minhoUno_Sale_seg1.wav,Passengers,1,12__10_07_13_minhoUno_Sale
Passengers/12__10_07_13_minhoUno_Sale_seg2.wav,Passengers,2,12__10_07_13_minhoUno_Sale
Passengers/12__10_07_13_minhoUno_Sale_seg3.wav,Passengers,3,12__10_07_13_minhoUno_Sale
Passengers/12__10_07_13_minhoUno_Sale_seg4.wav,Passengers,4,12__10_07_13_minhoUno_Sale
Passengers/12__10_07_13_minhoUno_Sale_seg6.wav,Passengers,1,12__10_07_13_minhoUno_Sale
Passengers/12__10_07_13_minhoUno_Sale_seg7.wav,Passengers,2,12__10_07_13_minhoUno_Sale
Passengers/12__10_07_13_minhoUno_Sale_seg8.wav,Passengers,3,12__10_07_13_minhoUno_Sale
Passengers/12__10_07_13_minhoUno_Sale_seg9.wav,Passengers,4,12__10_07_13_minhoUno_Sale
Passengers/12__10_07_13_minhoUno_Sale_seg11.wav,Passengers,1,12__10_07_13_minhoUno_Sale
Passengers/12__10_07_13_minhoUno_Sale_seg12.wav,Passengers,2,12__10_07_13_minhoUno_Sale
Passengers/12__10_07_13_minhoUno_Sale_seg13.wav,Passengers,3,12__10_07_13_minhoUno_Sale
Passengers/12__10_07_13_minhoUno_Sale_seg14.wav,Passengers,4,12__10_07_13_minhoUno_Sale
Passengers/12__10_07_13_minhoUno_Sale_seg16.wav,Passengers,1,12__10_07_13_minhoUno_Sale
Passengers/12__10_07_13_minhoUno_Sale_seg17.wav,Passengers,2,12__10_07_13_minhoUno_Sale
Passengers/12__10_07_13_minhoUno_Sale_seg18.wav,Passengers,3,12__10_07_13_minhoUno_Sale
Passengers/12__10_07_13_minhoUno_Sale_seg19.wav,Passengers,4,12__10_07_13_minhoUno_Sale
Passengers/12__10_07_13_minhoUno_Sale_seg21.wav,Passengers,1,12__10_07_13_minhoUno_Sale
Passengers/12__10_07_13_minhoUno_Sale_seg22.wav,Passengers,2,12__10_07_13_minhoUno_Sale
Passengers/12__10_07_13_minhoUno_Sale_seg23.wav,Passengers,3,12__10_07_13_minhoUno_Sale
Passengers/12__10_07_13_minhoUno_Sale_seg24.wav,Passengers,4,12__10_07_13_minhoUno_Sale
Passengers/17__10_07_13_visionSub_Entra_seg1.wav,Passengers,1,17__10_07_13_visionSub_Entra
Passengers/17__10_07_13_visionSub_Entra_seg2.wav,Passengers,2,17__10_07_13_visionSub_Entra
Passengers/17__10_07_13_visionSub_Entra_seg3.wav,Passengers,3,17__10_07_13_visionSub_Entra
Passengers/17__10_07_13_visionSub_Entra_seg4.wav,Passengers,4,17__10_07_13_visionSub_Entra
Passengers/17__10_07_13_visionSub_Entra_seg6.wav,Passengers,1,17__10_07_13_visionSub_Entra
Passengers/17__10_07_13_visionSub_Entra_seg7.wav,Passengers,2,17__10_07_13_visionSub_Entra
Passengers/17__10_07_13_visionSub_Entra_seg8.wav,Passengers,3,17__10_07_13_visionSub_Entra
Passengers/17__10_07_13_visionSub_Entra_seg9.wav,Passengers,4,17__10_07_13_visionSub_Entra
Passengers/17__10_07_13_visionSub_Entra_seg11.wav,Passengers,1,17__10_07_13_visionSub_Entra
Passengers/17__10_07_13_visionSub_Entra_seg12.wav,Passengers,2,17__10_07_13_visionSub_Entra
Passengers/17__10_07_13_visionSub_Entra_seg13.wav,Passengers,3,17__10_07_13_visionSub_Entra
Passengers/17__10_07_13_visionSub_Entra_seg14.wav,Passengers,4,17__10_07_13_visionSub_Entra
Passengers/34__19_07_13_MarDeOnza_Llega_seg1.wav,Passengers,1,34__19_07_13_MarDeOnza_Llega
Passengers/34__19_07_13_MarDeOnza_Llega_seg2.wav,Passengers,2,34__19_07_13_MarDeOnza_Llega
Passengers/34__19_07_13_MarDeOnza_Llega_seg3.wav,Passengers,3,34__19_07_13_MarDeOnza_Llega
Passengers/34__19_07_13_MarDeOnza_Llega_seg4.wav,Passengers,4,34__19_07_13_MarDeOnza_Llega
Passengers/34__19_07_13_MarDeOnza_Llega_seg6.wav,Passengers,1,34__19_07_13_MarDeOnza_Llega
Passengers/34__19_07_13_MarDeOnza_Llega_seg7.wav,Passengers,2,34__19_07_13_MarDeOnza_Llega
Passengers/34__19_07_13_MarDeOnza_Llega_seg8.wav,Passengers,3,34__19_07_13_MarDeOnza_Llega
Passengers/34__19_07_13_MarDeOnza_Llega_seg9.wav,Passengers,4,34__19_07_13_MarDeOnza_Llega
Passengers/34__19_07_13_MarDeOnza_Llega_seg11.wav,Passengers,1,34__19_07_13_MarDeOnza_Llega
Passengers/34__19_07_13_MarDeOnza_Llega_seg12.wav,Passengers,2,34__19_07_13_MarDeOnza_Llega
Passengers/34__19_07_13_MarDeOnza_Llega_seg13.wav,Passengers,3,34__19_07_13_MarDeOnza_Llega
Passengers/34__19_07_13_MarDeOnza_Llega_seg14.wav,Passengers,4,34__19_07_13_MarDeOnza_Llega
Passengers/34__19_07_13_MarDeOnza_Llega_seg16.wav,Passengers,1,34__19_07_13_MarDeOnza_Llega
Passengers/34__19_07_13_MarDeOnza_Llega_seg17.wav,Passengers,2,34__19_07_13_MarDeOnza_Llega
Passengers/34__19_07_13_MarDeOnza_Llega_seg18.wav,Passengers,3,34__19_07_13_MarDeOnza_Llega
Passengers/34__19_07_13_MarDeOnza_Llega_seg19.wav,Passengers,4,34__19_07_13_MarDeOnza_Llega
Passengers/34__19_07_13_MarDeOnza_Llega_seg21.wav,Passengers,1,34__19_07_13_MarDeOnza_Llega
Passengers/34__19_07_13_MarDeOnza_Llega_seg22.wav,Passengers,2,34__19_07_13_MarDeOnza_Llega
Passengers/34__19_07_13_MarDeOnza_Llega_seg23.wav,Passengers,3,34__19_07_13_MarDeOnza_Llega
Passengers/34__19_07_13_MarDeOnza_Llega_seg24.wav,Passengers,4,34__19_07_13_MarDeOnza_Llega
Passengers/35__19_07_13_MarDeOnza_sale_seg1.wav,Passengers,1,35__19_07_13_MarDeOnza_sale
Passengers/35__19_07_13_MarDeOnza_sale_seg2.wav,Passengers,2,35__19_07_13_MarDeOnza_sale
Passengers/35__19_07_13_MarDeOnza_sale_seg3.wav,Passengers,3,35__19_07_13_MarDeOnza_sale
Passengers/35__19_07_13_MarDeOnza_sale_seg4.wav,Passengers,4,35__19_07_13_MarDeOnza_sale
Passengers/35__19_07_13_MarDeOnza_sale_seg6.wav,Passengers,1,35__19_07_13_MarDeOnza_sale
Passengers/35__19_07_13_MarDeOnza_sale_seg7.wav,Passengers,2,35__19_07_13_MarDeOnza_sale
Passengers/35__19_07_13_MarDeOnza_sale_seg8.wav,Passengers,3,35__19_07_13_MarDeOnza_sale
Passengers/35__19_07_13_MarDeOnza_sale_seg9.wav,Passengers,4,35__19_07_13_MarDeOnza_sale
Passengers/35__19_07_13_MarDeOnza_sale_seg11.wav,Passengers,1,35__19_07_13_MarDeOnza_sale
Passengers/35__19_07_13_MarDeOnza_sale_seg12.wav,Passengers,2,35__19_07_13_MarDeOnza_sale
Passengers/35__19_07_13_MarDeOnza_sale_seg13.wav,Passengers,3,35__19_07_13_MarDeOnza_sale
Passengers/35__19_07_13_MarDeOnza_sale_seg14.wav,Passengers,4,35__19_07_13_MarDeOnza_sale
Passengers/35__19_07_13_MarDeOnza_sale_seg16.wav,Passengers,1,35__19_07_13_MarDeOnza_sale
Passengers/35__19_07_13_MarDeOnza_sale_seg17.wav,Passengers,2,35__19_07_13_MarDeOnza_sale
Passengers/35__19_07_13_MarDeOnza_sale_seg18.wav,Passengers,3,35__19_07_13_MarDeOnza_sale
Passengers/35__19_07_13_MarDeOnza_sale_seg19.wav,Passengers,4,35__19_07_13_MarDeOnza_sale
Passengers/38__19_07_13_Arroios_Sale_2entran_seg1.wav,Passengers,1,38__19_07_13_Arroios_Sale_2entran
Passengers/38__19_07_13_Arroios_Sale_2entran_seg2.wav,Passengers,2,38__19_07_13_Arroios_Sale_2entran
Passengers/38__19_07_13_Arroios_Sale_2entran_seg3.wav,Passengers,3,38__19_07_13_Arroios_Sale_2entran
Passengers/38__19_07_13_Arroios_Sale_2entran_seg4.wav,Passengers,4,38__19_07_13_Arroios_Sale_2entran
Passengers/38__19_07_13_Arroios_Sale_2entran_seg6.wav,Passengers,1,38__19_07_13_Arroios_Sale_2entran
Passengers/38__19_07_13_Arroios_Sale_2entran_seg7.wav,Passengers,2,38__19_07_13_Arroios_Sale_2entran
Passengers/38__19_07_13_Arroios_Sale_2entran_seg8.wav,Passengers,3,38__19_07_13_Arroios_Sale_2entran
Passengers/38__19_07_13_Arroios_Sale_2entran_seg9.wav,Passengers,4,38__19_07_13_Arroios_Sale_2entran
Passengers/38__19_07_13_Arroios_Sale_2entran_seg11.wav,Passengers,1,38__19_07_13_Arroios_Sale_2entran
Passengers/38__19_07_13_Arroios_Sale_2entran_seg12.wav,Passengers,2,38__19_07_13_Arroios_Sale_2entran
Passengers/38__19_07_13_Arroios_Sale_2entran_seg13.wav,Passengers,3,38__19_07_13_Arroios_Sale_2entran
Passengers/38__19_07_13_Arroios_Sale_2entran_seg14.wav,Passengers,4,38__19_07_13_Arroios_Sale_2entran
Passengers/38__19_07_13_Arroios_Sale_2entran_seg16.wav,Passengers,1,38__19_07_13_Arroios_Sale_2entran
Passengers/38__19_07_13_Arroios_Sale_2entran_seg17.wav,Passengers,2,38__19_07_13_Arroios_Sale_2entran
Passengers/38__19_07_13_Arroios_Sale_2entran_seg18.wav,Passengers,3,38__19_07_13_Arroios_Sale_2entran
Passengers/38__19_07_13_Arroios_Sale_2entran_seg19.wav,Passengers,4,38__19_07_13_Arroios_Sale_2entran
Passengers/38__19_07_13_Arroios_Sale_2entran_seg21.wav,Passengers,1,38__19_07_13_Arroios_Sale_2entran
Passengers/40__19_07_13_MarDeCangas_Llega_Interf_seg1.wav,Passengers,1,40__19_07_13_MarDeCangas_Llega_Interf
Passengers/40__19_07_13_MarDeCangas_Llega_Interf_seg2.wav,Passengers,2,40__19_07_13_MarDeCangas_Llega_Interf
Passengers/40__19_07_13_MarDeCangas_Llega_Interf_seg3.wav,Passengers,3,40__19_07_13_MarDeCangas_Llega_Interf
Passengers/40__19_07_13_MarDeCangas_Llega_Interf_seg4.wav,Passengers,4,40__19_07_13_MarDeCangas_Llega_Interf
Passengers/40__19_07_13_MarDeCangas_Llega_Interf_seg6.wav,Passengers,1,40__19_07_13_MarDeCangas_Llega_Interf
Passengers/40__19_07_13_MarDeCangas_Llega_Interf_seg7.wav,Passengers,2,40__19_07_13_MarDeCangas_Llega_Interf
Passengers/40__19_07_13_MarDeCangas_Llega_Interf_seg8.wav,Passengers,3,40__19_07_13_MarDeCangas_Llega_Interf
Passengers/42__19_07_13_PirataCies_Sale_seg1.wav,Passengers,1,42__19_07_13_PirataCies_Sale
Passengers/42__19_07_13_PirataCies_Sale_seg2.wav,Passengers,2,42__19_07_13_PirataCies_Sale
Passengers/42__19_07_13_PirataCies_Sale_seg3.wav,Passengers,3,42__19_07_13_PirataCies_Sale
Passengers/42__19_07_13_PirataCies_Sale_seg4.wav,Passengers,4,42__19_07_13_PirataCies_Sale
Passengers/42__19_07_13_PirataCies_Sale_seg6.wav,Passengers,1,42__19_07_13_PirataCies_Sale
Passengers/42__19_07_13_PirataCies_Sale_seg7.wav,Passengers,2,42__19_07_13_PirataCies_Sale
Passengers/42__19_07_13_PirataCies_Sale_seg8.wav,Passengers,3,42__19_07_13_PirataCies_Sale
Passengers/42__19_07_13_PirataCies_Sale_seg9.wav,Passengers,4,42__19_07_13_PirataCies_Sale
Passengers/42__19_07_13_PirataCies_Sale_seg11.wav,Passengers,1,42__19_07_13_PirataCies_Sale
Passengers/43__19_07_13_PirataDeCies_Llega_Interf_seg1.wav,Passengers,1,43__19_07_13_PirataDeCies_Llega_Interf
Passengers/43__19_07_13_PirataDeCies_Llega_Interf_seg2.wav,Passengers,2,43__19_07_13_PirataDeCies_Llega_Interf
Passengers/43__19_07_13_PirataDeCies_Llega_Interf_seg3.wav,Passengers,3,43__19_07_13_PirataDeCies_Llega_Interf
Passengers/43__19_07_13_PirataDeCies_Llega_Interf_seg4.wav,Passengers,4,43__19_07_13_PirataDeCies_Llega_Interf
Passengers/43__19_07_13_PirataDeCies_Llega_Interf_seg6.wav,Passengers,1,43__19_07_13_PirataDeCies_Llega_Interf
Passengers/43__19_07_13_PirataDeCies_Llega_Interf_seg7.wav,Passengers,2,43__19_07_13_PirataDeCies_Llega_Interf
Passengers/43__19_07_13_PirataDeCies_Llega_Interf_seg8.wav,Passengers,3,43__19_07_13_PirataDeCies_Llega_Interf
Passengers/43__19_07_13_PirataDeCies_Llega_Interf_seg9.wav,Passengers,4,43__19_07_13_PirataDeCies_Llega_Interf
Passengers/54__23_07_13_H3_PirataSalvora_SALE1_seg1.wav,Passengers,1,54__23_07_13_H3_PirataSalvora_SALE1
Passengers/54__23_07_13_H3_PirataSalvora_SALE1_seg2.wav,Passengers,2,54__23_07_13_H3_PirataSalvora_SALE1
Passengers/54__23_07_13_H3_PirataSalvora_SALE1_seg3.wav,Passengers,3,54__23_07_13_H3_PirataSalvora_SALE1
Passengers/54__23_07_13_H3_PirataSalvora_SALE1_seg4.wav,Passengers,4,54__23_07_13_H3_PirataSalvora_SALE1
Passengers/54__23_07_13_H3_PirataSalvora_SALE1_seg6.wav,Passengers,1,54__23_07_13_H3_PirataSalvora_SALE1
Passengers/54__23_07_13_H3_PirataSalvora_SALE1_seg7.wav,Passengers,2,54__23_07_13_H3_PirataSalvora_SALE1
Passengers/54__23_07_13_H3_PirataSalvora_SALE1_seg8.wav,Passengers,3,54__23_07_13_H3_PirataSalvora_SALE1
Passengers/54__23_07_13_H3_PirataSalvora_SALE1_seg9.wav,Passengers,4,54__23_07_13_H3_PirataSalvora_SALE1
Passengers/54__23_07_13_H3_PirataSalvora_SALE1_seg11.wav,Passengers,1,54__23_07_13_H3_PirataSalvora_SALE1
Passengers/54__23_07_13_H3_PirataSalvora_SALE1_seg12.wav,Passengers,2,54__23_07_13_H3_PirataSalvora_SALE1
Passengers/54__23_07_13_H3_PirataSalvora_SALE1_seg13.wav,Passengers,3,54__23_07_13_H3_PirataSalvora_SALE1
Passengers/60__23_07_13_H3_MarDeCangas_LLEGA_seg1.wav,Passengers,1,60__23_07_13_H3_MarDeCangas_LLEGA
Passengers/60__23_07_13_H3_MarDeCangas_LLEGA_seg2.wav,Passengers,2,60__23_07_13_H3_MarDeCangas_LLEGA
Passengers/60__23_07_13_H3_MarDeCangas_LLEGA_seg3.wav,Passengers,3,60__23_07_13_H3_MarDeCangas_LLEGA
Passengers/60__23_07_13_H3_MarDeCangas_LLEGA_seg4.wav,Passengers,4,60__23_07_13_H3_MarDeCangas_LLEGA
Passengers/60__23_07_13_H3_MarDeCangas_LLEGA_seg6.wav,Passengers,1,60__23_07_13_H3_MarDeCangas_LLEGA
Passengers/60__23_07_13_H3_MarDeCangas_LLEGA_seg7.wav,Passengers,2,60__23_07_13_H3_MarDeCangas_LLEGA
Passengers/60__23_07_13_H3_MarDeCangas_LLEGA_seg8.wav,Passengers,3,60__23_07_13_H3_MarDeCangas_LLEGA
Passengers/60__23_07_13_H3_MarDeCangas_LLEGA_seg9.wav,Passengers,4,60__23_07_13_H3_MarDeCangas_LLEGA
Passengers/60__23_07_13_H3_MarDeCangas_LLEGA_seg11.wav,Passengers,1,60__23_07_13_H3_MarDeCangas_LLEGA
Passengers/60__23_07_13_H3_MarDeCangas_LLEGA_seg12.wav,Passengers,2,60__23_07_13_H3_MarDeCangas_LLEGA
Passengers/60__23_07_13_H3_MarDeCangas_LLEGA_seg13.wav,Passengers,3,60__23_07_13_H3_MarDeCangas_LLEGA
Passengers/60__23_07_13_H3_MarDeCangas_LLEGA_seg14.wav,Passengers,4,60__23_07_13_H3_MarDeCangas_LLEGA
Passengers/60__23_07_13_H3_MarDeCangas_LLEGA_seg16.wav,Passengers,1,60__23_07_13_H3_MarDeCangas_LLEGA
Passengers/60__23_07_13_H3_MarDeCangas_LLEGA_seg17.wav,Passengers,2,60__23_07_13_H3_MarDeCangas_LLEGA
Passengers/60__23_07_13_H3_MarDeCangas_LLEGA_seg18.wav,Passengers,3,60__23_07_13_H3_MarDeCangas_LLEGA
Passengers/60__23_07_13_H3_MarDeCangas_LLEGA_seg19.wav,Passengers,4,60__23_07_13_H3_MarDeCangas_LLEGA
Passengers/60__23_07_13_H3_MarDeCangas_LLEGA_seg21.wav,Passengers,1,60__23_07_13_H3_MarDeCangas_LLEGA
Passengers/60__23_07_13_H3_MarDeCangas_LLEGA_seg22.wav,Passengers,2,60__23_07_13_H3_MarDeCangas_LLEGA
Passengers/60__23_07_13_H3_MarDeCangas_LLEGA_seg23.wav,Passengers,3,60__23_07_13_H3_MarDeCangas_LLEGA
Passengers/60__23_07_13_H3_MarDeCangas_LLEGA_seg24.wav,Passengers,4,60__23_07_13_H3_MarDeCangas_LLEGA
Passengers/60__23_07_13_H3_MarDeCangas_LLEGA_seg26.wav,Passengers,1,60__23_07_13_H3_MarDeCangas_LLEGA
Passengers/60__23_07_13_H3_MarDeCangas_LLEGA_seg27.wav,Passengers,2,60__23_07_13_H3_MarDeCangas_LLEGA
Passengers/60__23_07_13_H3_MarDeCangas_LLEGA_seg28.wav,Passengers,3,60__23_07_13_H3_MarDeCangas_LLEGA
Passengers/60__23_07_13_H3_MarDeCangas_LLEGA_seg29.wav,Passengers,4,60__23_07_13_H3_MarDeCangas_LLEGA
Passengers/60__23_07_13_H3_MarDeCangas_LLEGA_seg31.wav,Passengers,1,60__23_07_13_H3_MarDeCangas_LLEGA
Passengers/60__23_07_13_H3_MarDeCangas_LLEGA_seg32.wav,Passengers,2,60__23_07_13_H3_MarDeCangas_LLEGA
Passengers/60__23_07_13_H3_MarDeCangas_LLEGA_seg33.wav,Passengers,3,60__23_07_13_H3_MarDeCangas_LLEGA
Passengers/60__23_07_13_H3_MarDeCangas_LLEGA_seg34.wav,Passengers,4,60__23_07_13_H3_MarDeCangas_LLEGA
Passengers/60__23_07_13_H3_MarDeCangas_LLEGA_seg36.wav,Passengers,1,60__23_07_13_H3_MarDeCangas_LLEGA
Passengers/60__23_07_13_H3_MarDeCangas_LLEGA_seg37.wav,Passengers,2,60__23_07_13_H3_MarDeCangas_LLEGA
Passengers/60__23_07_13_H3_MarDeCangas_LLEGA_seg38.wav,Passengers,3,60__23_07_13_H3_MarDeCangas_LLEGA
Passengers/60__23_07_13_H3_MarDeCangas_LLEGA_seg39.wav,Passengers,4,60__23_07_13_H3_MarDeCangas_LLEGA
Passengers/60__23_07_13_H3_MarDeCangas_LLEGA_seg41.wav,Passengers,1,60__23_07_13_H3_MarDeCangas_LLEGA
Passengers/60__23_07_13_H3_MarDeCangas_LLEGA_seg42.wav,Passengers,2,60__23_07_13_H3_MarDeCangas_LLEGA
Passengers/60__23_07_13_H3_MarDeCangas_LLEGA_seg43.wav,Passengers,3,60__23_07_13_H3_MarDeCangas_LLEGA
Passengers/60__23_07_13_H3_MarDeCangas_LLEGA_seg44.wav,Passengers,4,60__23_07_13_H3_MarDeCangas_LLEGA
Passengers/60__23_07_13_H3_MarDeCangas_LLEGA_seg46.wav,Passengers,1,60__23_07_13_H3_MarDeCangas_LLEGA
Passengers/60__23_07_13_H3_MarDeCangas_LLEGA_seg47.wav,Passengers,2,60__23_07_13_H3_MarDeCangas_LLEGA
Passengers/60__23_07_13_H3_MarDeCangas_LLEGA_seg48.wav,Passengers,3,60__23_07_13_H3_MarDeCangas_LLEGA
Passengers/60__23_07_13_H3_MarDeCangas_LLEGA_seg49.wav,Passengers,4,60__23_07_13_H3_MarDeCangas_LLEGA
Passengers/60__23_07_13_H3_MarDeCangas_LLEGA_seg51.wav,Passengers,1,60__23_07_13_H3_MarDeCangas_LLEGA
Passengers/60__23_07_13_H3_MarDeCangas_LLEGA_seg52.wav,Passengers,2,60__23_07_13_H3_MarDeCangas_LLEGA
Passengers/60__23_07_13_H3_MarDeCangas_LLEGA_seg53.wav,Passengers,3,60__23_07_13_H3_MarDeCangas_LLEGA
Passengers/60__23_07_13_H3_MarDeCangas_LLEGA_seg54.wav,Passengers,4,60__23_07_13_H3_MarDeCangas_LLEGA
Passengers/60__23_07_13_H3_MarDeCangas_LLEGA_seg56.wav,Passengers,1,60__23_07_13_H3_MarDeCangas_LLEGA
Passengers/60__23_07_13_H3_MarDeCangas_LLEGA_seg57.wav,Passengers,2,60__23_07_13_H3_MarDeCangas_LLEGA
Passengers/60__23_07_13_H3_MarDeCangas_LLEGA_seg58.wav,Passengers,3,60__23_07_13_H3_MarDeCangas_LLEGA
Passengers/60__23_07_13_H3_MarDeCangas_LLEGA_seg59.wav,Passengers,4,60__23_07_13_H3_MarDeCangas_LLEGA
Passengers/60__23_07_13_H3_MarDeCangas_LLEGA_seg61.wav,Passengers,1,60__23_07_13_H3_MarDeCangas_LLEGA
Passengers/60__23_07_13_H3_MarDeCangas_LLEGA_seg62.wav,Passengers,2,60__23_07_13_H3_MarDeCangas_LLEGA
Passengers/60__23_07_13_H3_MarDeCangas_LLEGA_seg63.wav,Passengers,3,60__23_07_13_H3_MarDeCangas_LLEGA
Passengers/60__23_07_13_H3_MarDeCangas_LLEGA_seg64.wav,Passengers,4,60__23_07_13_H3_MarDeCangas_LLEGA
Passengers/60__23_07_13_H3_MarDeCangas_LLEGA_seg66.wav,Passengers,1,60__23_07_13_H3_MarDeCangas_LLEGA
Passengers/60__23_07_13_H3_MarDeCangas_LLEGA_seg67.wav,Passengers,2,60__23_07_13_H3_MarDeCangas_LLEGA
Passengers/60__23_07_13_H3_MarDeCangas_LLEGA_seg68.wav,Passengers,3,60__23_07_13_H3_MarDeCangas_LLEGA
Passengers/60__23_07_13_H3_MarDeCangas_LLEGA_seg69.wav,Passengers,4,60__23_07_13_H3_MarDeCangas_LLEGA
Passengers/61__23_07_13_H3_MarDeCangas_SALE-2_seg1.wav,Passengers,1,61__23_07_13_H3_MarDeCangas_SALE-2
Passengers/61__23_07_13_H3_MarDeCangas_SALE-2_seg2.wav,Passengers,2,61__23_07_13_H3_MarDeCangas_SALE-2
Passengers/61__23_07_13_H3_MarDeCangas_SALE-2_seg3.wav,Passengers,3,61__23_07_13_H3_MarDeCangas_SALE-2
Passengers/61__23_07_13_H3_MarDeCangas_SALE-2_seg4.wav,Passengers,4,61__23_07_13_H3_MarDeCangas_SALE-2
Passengers/61__23_07_13_H3_MarDeCangas_SALE-2_seg6.wav,Passengers,1,61__23_07_13_H3_MarDeCangas_SALE-2
Passengers/61__23_07_13_H3_MarDeCangas_SALE-2_seg7.wav,Passengers,2,61__23_07_13_H3_MarDeCangas_SALE-2
Passengers/61__23_07_13_H3_MarDeCangas_SALE-2_seg8.wav,Passengers,3,61__23_07_13_H3_MarDeCangas_SALE-2
Passengers/61__23_07_13_H3_MarDeCangas_SALE-2_seg9.wav,Passengers,4,61__23_07_13_H3_MarDeCangas_SALE-2
Passengers/61__23_07_13_H3_MarDeCangas_SALE-2_seg11.wav,Passengers,1,61__23_07_13_H3_MarDeCangas_SALE-2
Passengers/61__23_07_13_H3_MarDeCangas_SALE-2_seg12.wav,Passengers,2,61__23_07_13_H3_MarDeCangas_SALE-2
Passengers/61__23_07_13_H3_MarDeCangas_SALE-2_seg13.wav,Passengers,3,61__23_07_13_H3_MarDeCangas_SALE-2
Passengers/61__23_07_13_H3_MarDeCangas_SALE-2_seg14.wav,Passengers,4,61__23_07_13_H3_MarDeCangas_SALE-2
Passengers/61__23_07_13_H3_MarDeCangas_SALE-2_seg16.wav,Passengers,1,61__23_07_13_H3_MarDeCangas_SALE-2
Passengers/61__23_07_13_H3_MarDeCangas_SALE-2_seg17.wav,Passengers,2,61__23_07_13_H3_MarDeCangas_SALE-2
Passengers/61__23_07_13_H3_MarDeCangas_SALE-2_seg18.wav,Passengers,3,61__23_07_13_H3_MarDeCangas_SALE-2
Passengers/61__23_07_13_H3_MarDeCangas_SALE-2_seg19.wav,Passengers,4,61__23_07_13_H3_MarDeCangas_SALE-2
Passengers/61__23_07_13_H3_MarDeCangas_SALE-2_seg21.wav,Passengers,1,61__23_07_13_H3_MarDeCangas_SALE-2
Passengers/61__23_07_13_H3_MarDeCangas_SALE-2_seg22.wav,Passengers,2,61__23_07_13_H3_MarDeCangas_SALE-2
Passengers/61__23_07_13_H3_MarDeCangas_SALE-2_seg23.wav,Passengers,3,61__23_07_13_H3_MarDeCangas_SALE-2
Passengers/61__23_07_13_H3_MarDeCangas_SALE-2_seg24.wav,Passengers,4,61__23_07_13_H3_MarDeCangas_SALE-2
Passengers/61__23_07_13_H3_MarDeCangas_SALE-2_seg26.wav,Passengers,1,61__23_07_13_H3_MarDeCangas_SALE-2
Passengers/61__23_07_13_H3_MarDeCangas_SALE-2_seg27.wav,Passengers,2,61__23_07_13_H3_MarDeCangas_SALE-2
Passengers/61__23_07_13_H3_MarDeCangas_SALE-2_seg28.wav,Passengers,3,61__23_07_13_H3_MarDeCangas_SALE-2
Passengers/62__23_07_13_H3_MarDeCangas_SALE_seg1.wav,Passengers,1,62__23_07_13_H3_MarDeCangas_SALE
Passengers/62__23_07_13_H3_MarDeCangas_SALE_seg2.wav,Passengers,2,62__23_07_13_H3_MarDeCangas_SALE
Passengers/62__23_07_13_H3_MarDeCangas_SALE_seg3.wav,Passengers,3,62__23_07_13_H3_MarDeCangas_SALE
Passengers/62__23_07_13_H3_MarDeCangas_SALE_seg4.wav,Passengers,4,62__23_07_13_H3_MarDeCangas_SALE
Passengers/62__23_07_13_H3_MarDeCangas_SALE_seg6.wav,Passengers,1,62__23_07_13_H3_MarDeCangas_SALE
Passengers/62__23_07_13_H3_MarDeCangas_SALE_seg7.wav,Passengers,2,62__23_07_13_H3_MarDeCangas_SALE
Passengers/62__23_07_13_H3_MarDeCangas_SALE_seg8.wav,Passengers,3,62__23_07_13_H3_MarDeCangas_SALE
Passengers/62__23_07_13_H3_MarDeCangas_SALE_seg9.wav,Passengers,4,62__23_07_13_H3_MarDeCangas_SALE
Passengers/62__23_07_13_H3_MarDeCangas_SALE_seg11.wav,Passengers,1,62__23_07_13_H3_MarDeCangas_SALE
Passengers/62__23_07_13_H3_MarDeCangas_SALE_seg12.wav,Passengers,2,62__23_07_13_H3_MarDeCangas_SALE
Passengers/62__23_07_13_H3_MarDeCangas_SALE_seg13.wav,Passengers,3,62__23_07_13_H3_MarDeCangas_SALE
Passengers/62__23_07_13_H3_MarDeCangas_SALE_seg14.wav,Passengers,4,62__23_07_13_H3_MarDeCangas_SALE
Passengers/62__23_07_13_H3_MarDeCangas_SALE_seg16.wav,Passengers,1,62__23_07_13_H3_MarDeCangas_SALE
Passengers/62__23_07_13_H3_MarDeCangas_SALE_seg17.wav,Passengers,2,62__23_07_13_H3_MarDeCangas_SALE
Passengers/62__23_07_13_H3_MarDeCangas_SALE_seg18.wav,Passengers,3,62__23_07_13_H3_MarDeCangas_SALE
Passengers/62__23_07_13_H3_MarDeCangas_SALE_seg19.wav,Passengers,4,62__23_07_13_H3_MarDeCangas_SALE
Passengers/62__23_07_13_H3_MarDeCangas_SALE_seg21.wav,Passengers,1,62__23_07_13_H3_MarDeCangas_SALE
Passengers/62__23_07_13_H3_MarDeCangas_SALE_seg22.wav,Passengers,2,62__23_07_13_H3_MarDeCangas_SALE
Passengers/62__23_07_13_H3_MarDeCangas_SALE_seg23.wav,Passengers,3,62__23_07_13_H3_MarDeCangas_SALE
Passengers/62__23_07_13_H3_MarDeCangas_SALE_seg24.wav,Passengers,4,62__23_07_13_H3_MarDeCangas_SALE
Passengers/62__23_07_13_H3_MarDeCangas_SALE_seg26.wav,Passengers,1,62__23_07_13_H3_MarDeCangas_SALE
Passengers/62__23_07_13_H3_MarDeCangas_SALE_seg27.wav,Passengers,2,62__23_07_13_H3_MarDeCangas_SALE
Passengers/62__23_07_13_H3_MarDeCangas_SALE_seg28.wav,Passengers,3,62__23_07_13_H3_MarDeCangas_SALE
Passengers/62__23_07_13_H3_MarDeCangas_SALE_seg29.wav,Passengers,4,62__23_07_13_H3_MarDeCangas_SALE
Passengers/62__23_07_13_H3_MarDeCangas_SALE_seg31.wav,Passengers,1,62__23_07_13_H3_MarDeCangas_SALE
Passengers/62__23_07_13_H3_MarDeCangas_SALE_seg32.wav,Passengers,2,62__23_07_13_H3_MarDeCangas_SALE
Passengers/62__23_07_13_H3_MarDeCangas_SALE_seg33.wav,Passengers,3,62__23_07_13_H3_MarDeCangas_SALE
Passengers/62__23_07_13_H3_MarDeCangas_SALE_seg34.wav,Passengers,4,62__23_07_13_H3_MarDeCangas_SALE
Passengers/62__23_07_13_H3_MarDeCangas_SALE_seg36.wav,Passengers,1,62__23_07_13_H3_MarDeCangas_SALE
Passengers/62__23_07_13_H3_MarDeCangas_SALE_seg37.wav,Passengers,2,62__23_07_13_H3_MarDeCangas_SALE
Passengers/62__23_07_13_H3_MarDeCangas_SALE_seg38.wav,Passengers,3,62__23_07_13_H3_MarDeCangas_SALE
Passengers/62__23_07_13_H3_MarDeCangas_SALE_seg39.wav,Passengers,4,62__23_07_13_H3_MarDeCangas_SALE
Passengers/62__23_07_13_H3_MarDeCangas_SALE_seg41.wav,Passengers,1,62__23_07_13_H3_MarDeCangas_SALE
Passengers/62__23_07_13_H3_MarDeCangas_SALE_seg42.wav,Passengers,2,62__23_07_13_H3_MarDeCangas_SALE
Passengers/62__23_07_13_H3_MarDeCangas_SALE_seg43.wav,Passengers,3,62__23_07_13_H3_MarDeCangas_SALE
Passengers/62__23_07_13_H3_MarDeCangas_SALE_seg44.wav,Passengers,4,62__23_07_13_H3_MarDeCangas_SALE
Passengers/62__23_07_13_H3_MarDeCangas_SALE_seg46.wav,Passengers,1,62__23_07_13_H3_MarDeCangas_SALE
Passengers/62__23_07_13_H3_MarDeCangas_SALE_seg47.wav,Passengers,2,62__23_07_13_H3_MarDeCangas_SALE
Passengers/62__23_07_13_H3_MarDeCangas_SALE_seg48.wav,Passengers,3,62__23_07_13_H3_MarDeCangas_SALE
Passengers/62__23_07_13_H3_MarDeCangas_SALE_seg49.wav,Passengers,4,62__23_07_13_H3_MarDeCangas_SALE
Passengers/62__23_07_13_H3_MarDeCangas_SALE_seg51.wav,Passengers,1,62__23_07_13_H3_MarDeCangas_SALE
Passengers/62__23_07_13_H3_MarDeCangas_SALE_seg52.wav,Passengers,2,62__23_07_13_H3_MarDeCangas_SALE
Passengers/62__23_07_13_H3_MarDeCangas_SALE_seg53.wav,Passengers,3,62__23_07_13_H3_MarDeCangas_SALE
Passengers/62__23_07_13_H3_MarDeCangas_SALE_seg54.wav,Passengers,4,62__23_07_13_H3_MarDeCangas_SALE
Passengers/62__23_07_13_H3_MarDeCangas_SALE_seg56.wav,Passengers,1,62__23_07_13_H3_MarDeCangas_SALE
Passengers/62__23_07_13_H3_MarDeCangas_SALE_seg57.wav,Passengers,2,62__23_07_13_H3_MarDeCangas_SALE
Passengers/62__23_07_13_H3_MarDeCangas_SALE_seg58.wav,Passengers,3,62__23_07_13_H3_MarDeCangas_SALE
Passengers/62__23_07_13_H3_MarDeCangas_SALE_seg59.wav,Passengers,4,62__23_07_13_H3_MarDeCangas_SALE
Passengers/62__23_07_13_H3_MarDeCangas_SALE_seg61.wav,Passengers,1,62__23_07_13_H3_MarDeCangas_SALE
Passengers/62__23_07_13_H3_MarDeCangas_SALE_seg62.wav,Passengers,2,62__23_07_13_H3_MarDeCangas_SALE
Passengers/64__23_07_13_H3_MarDeOnza_SALE_seg1.wav,Passengers,1,64__23_07_13_H3_MarDeOnza_SALE
Passengers/64__23_07_13_H3_MarDeOnza_SALE_seg2.wav,Passengers,2,64__23_07_13_H3_MarDeOnza_SALE
Passengers/64__23_07_13_H3_MarDeOnza_SALE_seg3.wav,Passengers,3,64__23_07_13_H3_MarDeOnza_SALE
Passengers/64__23_07_13_H3_MarDeOnza_SALE_seg4.wav,Passengers,4,64__23_07_13_H3_MarDeOnza_SALE
Passengers/64__23_07_13_H3_MarDeOnza_SALE_seg6.wav,Passengers,1,64__23_07_13_H3_MarDeOnza_SALE
Passengers/64__23_07_13_H3_MarDeOnza_SALE_seg7.wav,Passengers,2,64__23_07_13_H3_MarDeOnza_SALE
Passengers/64__23_07_13_H3_MarDeOnza_SALE_seg8.wav,Passengers,3,64__23_07_13_H3_MarDeOnza_SALE
Passengers/64__23_07_13_H3_MarDeOnza_SALE_seg9.wav,Passengers,4,64__23_07_13_H3_MarDeOnza_SALE
Passengers/64__23_07_13_H3_MarDeOnza_SALE_seg11.wav,Passengers,1,64__23_07_13_H3_MarDeOnza_SALE
Passengers/64__23_07_13_H3_MarDeOnza_SALE_seg12.wav,Passengers,2,64__23_07_13_H3_MarDeOnza_SALE
Passengers/64__23_07_13_H3_MarDeOnza_SALE_seg13.wav,Passengers,3,64__23_07_13_H3_MarDeOnza_SALE
Passengers/64__23_07_13_H3_MarDeOnza_SALE_seg14.wav,Passengers,4,64__23_07_13_H3_MarDeOnza_SALE
Passengers/64__23_07_13_H3_MarDeOnza_SALE_seg16.wav,Passengers,1,64__23_07_13_H3_MarDeOnza_SALE
Passengers/64__23_07_13_H3_MarDeOnza_SALE_seg17.wav,Passengers,2,64__23_07_13_H3_MarDeOnza_SALE
Passengers/64__23_07_13_H3_MarDeOnza_SALE_seg18.wav,Passengers,3,64__23_07_13_H3_MarDeOnza_SALE
Passengers/64__23_07_13_H3_MarDeOnza_SALE_seg19.wav,Passengers,4,64__23_07_13_H3_MarDeOnza_SALE
Passengers/64__23_07_13_H3_MarDeOnza_SALE_seg21.wav,Passengers,1,64__23_07_13_H3_MarDeOnza_SALE
Passengers/64__23_07_13_H3_MarDeOnza_SALE_seg22.wav,Passengers,2,64__23_07_13_H3_MarDeOnza_SALE
Passengers/64__23_07_13_H3_MarDeOnza_SALE_seg23.wav,Passengers,3,64__23_07_13_H3_MarDeOnza_SALE
Passengers/64__23_07_13_H3_MarDeOnza_SALE_seg24.wav,Passengers,4,64__23_07_13_H3_MarDeOnza_SALE
Passengers/64__23_07_13_H3_MarDeOnza_SALE_seg26.wav,Passengers,1,64__23_07_13_H3_MarDeOnza_SALE
Passengers/65__23_07_13_H3_MinhoUno_LLEGA_seg1.wav,Passengers,1,65__23_07_13_H3_MinhoUno_LLEGA
Passengers/65__23_07_13_H3_MinhoUno_LLEGA_seg2.wav,Passengers,2,65__23_07_13_H3_MinhoUno_LLEGA
Passengers/65__23_07_13_H3_MinhoUno_LLEGA_seg3.wav,Passengers,3,65__23_07_13_H3_MinhoUno_LLEGA
Passengers/65__23_07_13_H3_MinhoUno_LLEGA_seg4.wav,Passengers,4,65__23_07_13_H3_MinhoUno_LLEGA
Passengers/65__23_07_13_H3_MinhoUno_LLEGA_seg6.wav,Passengers,1,65__23_07_13_H3_MinhoUno_LLEGA
Passengers/65__23_07_13_H3_MinhoUno_LLEGA_seg7.wav,Passengers,2,65__23_07_13_H3_MinhoUno_LLEGA
Passengers/65__23_07_13_H3_MinhoUno_LLEGA_seg8.wav,Passengers,3,65__23_07_13_H3_MinhoUno_LLEGA
Passengers/65__23_07_13_H3_MinhoUno_LLEGA_seg9.wav,Passengers,4,65__23_07_13_H3_MinhoUno_LLEGA
Passengers/65__23_07_13_H3_MinhoUno_LLEGA_seg11.wav,Passengers,1,65__23_07_13_H3_MinhoUno_LLEGA
Passengers/65__23_07_13_H3_MinhoUno_LLEGA_seg12.wav,Passengers,2,65__23_07_13_H3_MinhoUno_LLEGA
Passengers/65__23_07_13_H3_MinhoUno_LLEGA_seg13.wav,Passengers,3,65__23_07_13_H3_MinhoUno_LLEGA
Passengers/65__23_07_13_H3_MinhoUno_LLEGA_seg14.wav,Passengers,4,65__23_07_13_H3_MinhoUno_LLEGA
Passengers/65__23_07_13_H3_MinhoUno_LLEGA_seg16.wav,Passengers,1,65__23_07_13_H3_MinhoUno_LLEGA
Passengers/65__23_07_13_H3_MinhoUno_LLEGA_seg17.wav,Passengers,2,65__23_07_13_H3_MinhoUno_LLEGA
Passengers/65__23_07_13_H3_MinhoUno_LLEGA_seg18.wav,Passengers,3,65__23_07_13_H3_MinhoUno_LLEGA
Passengers/65__23_07_13_H3_MinhoUno_LLEGA_seg19.wav,Passengers,4,65__23_07_13_H3_MinhoUno_LLEGA
Passengers/65__23_07_13_H3_MinhoUno_LLEGA_seg21.wav,Passengers,1,65__23_07_13_H3_MinhoUno_LLEGA
Passengers/65__23_07_13_H3_MinhoUno_LLEGA_seg22.wav,Passengers,2,65__23_07_13_H3_MinhoUno_LLEGA
Passengers/65__23_07_13_H3_MinhoUno_LLEGA_seg23.wav,Passengers,3,65__23_07_13_H3_MinhoUno_LLEGA
Passengers/65__23_07_13_H3_MinhoUno_LLEGA_seg24.wav,Passengers,4,65__23_07_13_H3_MinhoUno_LLEGA
Passengers/65__23_07_13_H3_MinhoUno_LLEGA_seg26.wav,Passengers,1,65__23_07_13_H3_MinhoUno_LLEGA
Passengers/65__23_07_13_H3_MinhoUno_LLEGA_seg27.wav,Passengers,2,65__23_07_13_H3_MinhoUno_LLEGA
Passengers/65__23_07_13_H3_MinhoUno_LLEGA_seg28.wav,Passengers,3,65__23_07_13_H3_MinhoUno_LLEGA
Passengers/65__23_07_13_H3_MinhoUno_LLEGA_seg29.wav,Passengers,4,65__23_07_13_H3_MinhoUno_LLEGA
Passengers/65__23_07_13_H3_MinhoUno_LLEGA_seg31.wav,Passengers,1,65__23_07_13_H3_MinhoUno_LLEGA
Passengers/65__23_07_13_H3_MinhoUno_LLEGA_seg32.wav,Passengers,2,65__23_07_13_H3_MinhoUno_LLEGA
Passengers/8__10_07_13_marDeOnza_Entra_seg1.wav,Passengers,1,8__10_07_13_marDeOnza_Entra
Passengers/8__10_07_13_marDeOnza_Entra_seg2.wav,Passengers,2,8__10_07_13_marDeOnza_Entra
Passengers/8__10_07_13_marDeOnza_Entra_seg3.wav,Passengers,3,8__10_07_13_marDeOnza_Entra
Passengers/8__10_07_13_marDeOnza_Entra_seg4.wav,Passengers,4,8__10_07_13_marDeOnza_Entra
Passengers/8__10_07_13_marDeOnza_Entra_seg6.wav,Passengers,1,8__10_07_13_marDeOnza_Entra
Passengers/8__10_07_13_marDeOnza_Entra_seg7.wav,Passengers,2,8__10_07_13_marDeOnza_Entra
Passengers/8__10_07_13_marDeOnza_Entra_seg8.wav,Passengers,3,8__10_07_13_marDeOnza_Entra
Passengers/8__10_07_13_marDeOnza_Entra_seg9.wav,Passengers,4,8__10_07_13_marDeOnza_Entra
Passengers/8__10_07_13_marDeOnza_Entra_seg11.wav,Passengers,1,8__10_07_13_marDeOnza_Entra
Passengers/8__10_07_13_marDeOnza_Entra_seg12.wav,Passengers,2,8__10_07_13_marDeOnza_Entra
Passengers/8__10_07_13_marDeOnza_Entra_seg13.wav,Passengers,3,8__10_07_13_marDeOnza_Entra
Passengers/8__10_07_13_marDeOnza_Entra_seg14.wav,Passengers,4,8__10_07_13_marDeOnza_Entra
Passengers/8__10_07_13_marDeOnza_Entra_seg16.wav,Passengers,1,8__10_07_13_marDeOnza_Entra
Passengers/8__10_07_13_marDeOnza_Entra_seg17.wav,Passengers,2,8__10_07_13_marDeOnza_Entra
Passengers/8__10_07_13_marDeOnza_Entra_seg18.wav,Passengers,3,8__10_07_13_marDeOnza_Entra
Passengers/9__10_07_13_marDeOnza_Espera_seg1.wav,Passengers,1,9__10_07_13_marDeOnza_Espera
Passengers/9__10_07_13_marDeOnza_Espera_seg2.wav,Passengers,2,9__10_07_13_marDeOnza_Espera
Passengers/9__10_07_13_marDeOnza_Espera_seg3.wav,Passengers,3,9__10_07_13_marDeOnza_Espera
Passengers/9__10_07_13_marDeOnza_Espera_seg4.wav,Passengers,4,9__10_07_13_marDeOnza_Espera
Passengers/9__10_07_13_marDeOnza_Espera_seg6.wav,Passengers,1,9__10_07_13_marDeOnza_Espera
Passengers/9__10_07_13_marDeOnza_Espera_seg7.wav,Passengers,2,9__10_07_13_marDeOnza_Espera
Passengers/9__10_07_13_marDeOnza_Espera_seg8.wav,Passengers,3,9__10_07_13_marDeOnza_Espera
Passengers/9__10_07_13_marDeOnza_Espera_seg9.wav,Passengers,4,9__10_07_13_marDeOnza_Espera
Passengers/9__10_07_13_marDeOnza_Espera_seg11.wav,Passengers,1,9__10_07_13_marDeOnza_Espera
Passengers/9__10_07_13_marDeOnza_Espera_seg12.wav,Passengers,2,9__10_07_13_marDeOnza_Espera
RORO/20__18_07_13_AutopridePrepManiobra_seg5.wav,RORO,5,20__18_07_13_AutopridePrepManiobra
RORO/20__18_07_13_AutopridePrepManiobra_seg1.wav,RORO,1,20__18_07_13_AutopridePrepManiobra
RORO/20__18_07_13_AutopridePrepManiobra_seg2.wav,RORO,2,20__18_07_13_AutopridePrepManiobra
RORO/20__18_07_13_AutopridePrepManiobra_seg3.wav,RORO,3,20__18_07_13_AutopridePrepManiobra
RORO/20__18_07_13_AutopridePrepManiobra_seg4.wav,RORO,4,20__18_07_13_AutopridePrepManiobra
RORO/20__18_07_13_AutopridePrepManiobra_seg6.wav,RORO,1,20__18_07_13_AutopridePrepManiobra
Natural ambient noise/82__27_09_13_H3_lluvia_seg5.wav,Natural ambient noise,5,82__27_09_13_H3_lluvia
Natural ambient noise/82__27_09_13_H3_lluvia_seg10.wav,Natural ambient noise,5,82__27_09_13_H3_lluvia
Natural ambient noise/82__27_09_13_H3_lluvia_seg15.wav,Natural ambient noise,5,82__27_09_13_H3_lluvia
Natural ambient noise/82__27_09_13_H3_lluvia_seg20.wav,Natural ambient noise,5,82__27_09_13_H3_lluvia
Natural ambient noise/85__E__1L_seg5.wav,Natural ambient noise,5,85__E__1L
Natural ambient noise/85__E__1L_seg10.wav,Natural ambient noise,5,85__E__1L
Natural ambient noise/85__E__1L_seg15.wav,Natural ambient noise,5,85__E__1L
Natural ambient noise/86__E__2M_seg5.wav,Natural ambient noise,5,86__E__2M
Natural ambient noise/86__E__2M_seg10.wav,Natural ambient noise,5,86__E__2M
Natural ambient noise/86__E__2M_seg15.wav,Natural ambient noise,5,86__E__2M
Natural ambient noise/82__27_09_13_H3_lluvia_seg1.wav,Natural ambient noise,1,82__27_09_13_H3_lluvia
Natural ambient noise/82__27_09_13_H3_lluvia_seg2.wav,Natural ambient noise,2,82__27_09_13_H3_lluvia
Natural ambient noise/82__27_09_13_H3_lluvia_seg3.wav,Natural ambient noise,3,82__27_09_13_H3_lluvia
Natural ambient noise/82__27_09_13_H3_lluvia_seg4.wav,Natural ambient noise,4,82__27_09_13_H3_lluvia
Natural ambient noise/82__27_09_13_H3_lluvia_seg6.wav,Natural ambient noise,1,82__27_09_13_H3_lluvia
Natural ambient noise/82__27_09_13_H3_lluvia_seg7.wav,Natural ambient noise,2,82__27_09_13_H3_lluvia
Natural ambient noise/82__27_09_13_H3_lluvia_seg8.wav,Natural ambient noise,3,82__27_09_13_H3_lluvia
Natural ambient noise/82__27_09_13_H3_lluvia_seg9.wav,Natural ambient noise,4,82__27_09_13_H3_lluvia
Natural ambient noise/82__27_09_13_H3_lluvia_seg11.wav,Natural ambient noise,1,82__27_09_13_H3_lluvia
Natural ambient noise/82__27_09_13_H3_lluvia_seg12.wav,Natural ambient noise,2,82__27_09_13_H3_lluvia
Natural ambient noise/82__27_09_13_H3_lluvia_seg13.wav,Natural ambient noise,3,82__27_09_13_H3_lluvia
Natural ambient noise/82__27_09_13_H3_lluvia_seg14.wav,Natural ambient noise,4,82__27_09_13_H3_lluvia
Natural ambient noise/82__27_09_13_H3_lluvia_seg16.wav,Natural ambient noise,1,82__27_09_13_H3_lluvia
Natural ambient noise/82__27_09_13_H3_lluvia_seg17.wav,Natural ambient noise,2,82__27_09_13_H3_lluvia
Natural ambient noise/82__27_09_13_H3_lluvia_seg18.wav,Natural ambient noise,3,82__27_09_13_H3_lluvia
Natural ambient noise/82__27_09_13_H3_lluvia_seg19.wav,Natural ambient noise,4,82__27_09_13_H3_lluvia
Natural ambient noise/82__27_09_13_H3_lluvia_seg21.wav,Natural ambient noise,1,82__27_09_13_H3_lluvia
Natural ambient noise/82__27_09_13_H3_lluvia_seg22.wav,Natural ambient noise,2,82__27_09_13_H3_lluvia
Natural ambient noise/82__27_09_13_H3_lluvia_seg23.wav,Natural ambient noise,3,82__27_09_13_H3_lluvia
Natural ambient noise/82__27_09_13_H3_lluvia_seg24.wav,Natural ambient noise,4,82__27_09_13_H3_lluvia
Natural ambient noise/85__E__1L_seg1.wav,Natural ambient noise,1,85__E__1L
Natural ambient noise/85__E__1L_seg2.wav,Natural ambient noise,2,85__E__1L
Natural ambient noise/85__E__1L_seg3.wav,Natural ambient noise,3,85__E__1L
Natural ambient noise/85__E__1L_seg4.wav,Natural ambient noise,4,85__E__1L
Natural ambient noise/85__E__1L_seg6.wav,Natural ambient noise,1,85__E__1L
Natural ambient noise/85__E__1L_seg7.wav,Natural ambient noise,2,85__E__1L
Natural ambient noise/85__E__1L_seg8.wav,Natural ambient noise,3,85__E__1L
Natural ambient noise/85__E__1L_seg9.wav,Natural ambient noise,4,85__E__1L
Natural ambient noise/85__E__1L_seg11.wav,Natural ambient noise,1,85__E__1L
Natural ambient noise/85__E__1L_seg12.wav,Natural ambient noise,2,85__E__1L
Natural ambient noise/85__E__1L_seg13.wav,Natural ambient noise,3,85__E__1L
Natural ambient noise/85__E__1L_seg14.wav,Natural ambient noise,4,85__E__1L
Natural ambient noise/85__E__1L_seg16.wav,Natural ambient noise,1,85__E__1L
Natural ambient noise/85__E__1L_seg17.wav,Natural ambient noise,2,85__E__1L
Natural ambient noise/86__E__2M_seg1.wav,Natural ambient noise,1,86__E__2M
Natural ambient noise/86__E__2M_seg2.wav,Natural ambient noise,2,86__E__2M
Natural ambient noise/86__E__2M_seg3.wav,Natural ambient noise,3,86__E__2M
Natural ambient noise/86__E__2M_seg4.wav,Natural ambient noise,4,86__E__2M
Natural ambient noise/86__E__2M_seg6.wav,Natural ambient noise,1,86__E__2M
Natural ambient noise/86__E__2M_seg7.wav,Natural ambient noise,2,86__E__2M
Natural ambient noise/86__E__2M_seg8.wav,Natural ambient noise,3,86__E__2M
Natural ambient noise/86__E__2M_seg9.wav,Natural ambient noise,4,86__E__2M
Natural ambient noise/86__E__2M_seg11.wav,Natural ambient noise,1,86__E__2M
Natural ambient noise/86__E__2M_seg12.wav,Natural ambient noise,2,86__E__2M
Natural ambient noise/86__E__2M_seg13.wav,Natural ambient noise,3,86__E__2M
Natural ambient noise/86__E__2M_seg14.wav,Natural ambient noise,4,86__E__2M
Natural ambient noise/86__E__2M_seg16.wav,Natural ambient noise,1,86__E__2M
Natural ambient noise/86__E__2M_seg17.wav,Natural ambient noise,2,86__E__2M
Natural ambient noise/86__E__2M_seg18.wav,Natural ambient noise,3,86__E__2M
Natural ambient noise/86__E__2M_seg19.wav,Natural ambient noise,4,86__E__2M
Motorboat/21__18_07_13_lanchaMotora_seg5.wav,Motorboat,5,21__18_07_13_lanchaMotora
Motorboat/27__19_07_13_Lancha2_seg5.wav,Motorboat,5,27__19_07_13_Lancha2
Motorboat/33__19_07_13_lanchaDuda_Sale_seg5.wav,Motorboat,5,33__19_07_13_lanchaDuda_Sale
Motorboat/45__19_07_13_yate_Sale_seg5.wav,Motorboat,5,45__19_07_13_yate_Sale
Motorboat/45__19_07_13_yate_Sale_seg10.wav,Motorboat,5,45__19_07_13_yate_Sale
Motorboat/45__19_07_13_yate_Sale_seg15.wav,Motorboat,5,45__19_07_13_yate_Sale
Motorboat/51__23_07_13_H3_lancha2_interf_seg5.wav,Motorboat,5,51__23_07_13_H3_lancha2_interf
Motorboat/51__23_07_13_H3_lancha2_interf_seg10.wav,Motorboat,5,51__23_07_13_H3_lancha2_interf
Motorboat/51__23_07_13_H3_lancha2_interf_seg15.wav,Motorboat,5,51__23_07_13_H3_lancha2_interf
Motorboat/51__23_07_13_H3_lancha2_interf_seg20.wav,Motorboat,5,51__23_07_13_H3_lancha2_interf
Motorboat/52__23_07_13_H3_lancha3_interf_seg5.wav,Motorboat,5,52__23_07_13_H3_lancha3_interf
Motorboat/52__23_07_13_H3_lancha3_interf_seg10.wav,Motorboat,5,52__23_07_13_H3_lancha3_interf
Motorboat/52__23_07_13_H3_lancha3_interf_seg15.wav,Motorboat,5,52__23_07_13_H3_lancha3_interf
Motorboat/52__23_07_13_H3_lancha3_interf_seg20.wav,Motorboat,5,52__23_07_13_H3_lancha3_interf
Motorboat/21__18_07_13_lanchaMotora_seg1.wav,Motorboat,1,21__18_07_13_lanchaMotora
Motorboat/21__18_07_13_lanchaMotora_seg2.wav,Motorboat,2,21__18_07_13_lanchaMotora
Motorboat/21__18_07_13_lanchaMotora_seg3.wav,Motorboat,3,21__18_07_13_lanchaMotora
Motorboat/21__18_07_13_lanchaMotora_seg4.wav,Motorboat,4,21__18_07_13_lanchaMotora
Motorboat/21__18_07_13_lanchaMotora_seg6.wav,Motorboat,1,21__18_07_13_lanchaMotora
Motorboat/21__18_07_13_lanchaMotora_seg7.wav,Motorboat,2,21__18_07_13_lanchaMotora
Motorboat/21__18_07_13_lanchaMotora_seg8.wav,Motorboat,3,21__18_07_13_lanchaMotora
Motorboat/26__19_07_13_Lancha_seg1.wav,Motorboat,1,26__19_07_13_Lancha
Motorboat/26__19_07_13_Lancha_seg2.wav,Motorboat,2,26__19_07_13_Lancha
Motorboat/26__19_07_13_Lancha_seg3.wav,Motorboat,3,26__19_07_13_Lancha
Motorboat/26__19_07_13_Lancha_seg4.wav,Motorboat,4,26__19_07_13_Lancha
Motorboat/27__19_07_13_Lancha2_seg1.wav,Motorboat,1,27__19_07_13_Lancha2
Motorboat/27__19_07_13_Lancha2_seg2.wav,Motorboat,2,27__19_07_13_Lancha2
Motorboat/27__19_07_13_Lancha2_seg3.wav,Motorboat,3,27__19_07_13_Lancha2
Motorboat/27__19_07_13_Lancha2_seg4.wav,Motorboat,4,27__19_07_13_Lancha2
Motorboat/27__19_07_13_Lancha2_seg6.wav,Motorboat,1,27__19_07_13_Lancha2
Motorboat/33__19_07_13_lanchaDuda_Sale_seg1.wav,Motorboat,1,33__19_07_13_lanchaDuda_Sale
Motorboat/33__19_07_13_lanchaDuda_Sale_seg2.wav,Motorboat,2,33__19_07_13_lanchaDuda_Sale
Motorboat/33__19_07_13_lanchaDuda_Sale_seg3.wav,Motorboat,3,33__19_07_13_lanchaDuda_Sale
Motorboat/33__19_07_13_lanchaDuda_Sale_seg4.wav,Motorboat,4,33__19_07_13_lanchaDuda_Sale
Motorboat/33__19_07_13_lanchaDuda_Sale_seg6.wav,Motorboat,1,33__19_07_13_lanchaDuda_Sale
Motorboat/33__19_07_13_lanchaDuda_Sale_seg7.wav,Motorboat,2,33__19_07_13_lanchaDuda_Sale
Motorboat/45__19_07_13_yate_Sale_seg1.wav,Motorboat,1,45__19_07_13_yate_Sale
Motorboat/45__19_07_13_yate_Sale_seg2.wav,Motorboat,2,45__19_07_13_yate_Sale
Motorboat/45__19_07_13_yate_Sale_seg3.wav,Motorboat,3,45__19_07_13_yate_Sale
Motorboat/45__19_07_13_yate_Sale_seg4.wav,Motorboat,4,45__19_07_13_yate_Sale
Motorboat/45__19_07_13_yate_Sale_seg6.wav,Motorboat,1,45__19_07_13_yate_Sale
Motorboat/45__19_07_13_yate_Sale_seg7.wav,Motorboat,2,45__19_07_13_yate_Sale
Motorboat/45__19_07_13_yate_Sale_seg8.wav,Motorboat,3,45__19_07_13_yate_Sale
Motorboat/45__19_07_13_yate_Sale_seg9.wav,Motorboat,4,45__19_07_13_yate_Sale
Motorboat/45__19_07_13_yate_Sale_seg11.wav,Motorboat,1,45__19_07_13_yate_Sale
Motorboat/45__19_07_13_yate_Sale_seg12.wav,Motorboat,2,45__19_07_13_yate_Sale
Motorboat/45__19_07_13_yate_Sale_seg13.wav,Motorboat,3,45__19_07_13_yate_Sale
Motorboat/45__19_07_13_yate_Sale_seg14.wav,Motorboat,4,45__19_07_13_yate_Sale
Motorboat/45__19_07_13_yate_Sale_seg16.wav,Motorboat,1,45__19_07_13_yate_Sale
Motorboat/45__19_07_13_yate_Sale_seg17.wav,Motorboat,2,45__19_07_13_yate_Sale
Motorboat/45__19_07_13_yate_Sale_seg18.wav,Motorboat,3,45__19_07_13_yate_Sale
Motorboat/51__23_07_13_H3_lancha2_interf_seg1.wav,Motorboat,1,51__23_07_13_H3_lancha2_interf
Motorboat/51__23_07_13_H3_lancha2_interf_seg2.wav,Motorboat,2,51__23_07_13_H3_lancha2_interf
Motorboat/51__23_07_13_H3_lancha2_interf_seg3.wav,Motorboat,3,51__23_07_13_H3_lancha2_interf
Motorboat/51__23_07_13_H3_lancha2_interf_seg4.wav,Motorboat,4,51__23_07_13_H3_lancha2_interf
Motorboat/51__23_07_13_H3_lancha2_interf_seg6.wav,Motorboat,1,51__23_07_13_H3_lancha2_interf
Motorboat/51__23_07_13_H3_lancha2_interf_seg7.wav,Motorboat,2,51__23_07_13_H3_lancha2_interf
Motorboat/51__23_07_13_H3_lancha2_interf_seg8.wav,Motorboat,3,51__23_07_13_H3_lancha2_interf
Motorboat/51__23_07_13_H3_lancha2_interf_seg9.wav,Motorboat,4,51__23_07_13_H3_lancha2_interf
Motorboat/51__23_07_13_H3_lancha2_interf_seg11.wav,Motorboat,1,51__23_07_13_H3_lancha2_interf
Motorboat/51__23_07_13_H3_lancha2_interf_seg12.wav,Motorboat,2,51__23_07_13_H3_lancha2_interf
Motorboat/51__23_07_13_H3_lancha2_interf_seg13.wav,Motorboat,3,51__23_07_13_H3_lancha2_interf
Motorboat/51__23_07_13_H3_lancha2_interf_seg14.wav,Motorboat,4,51__23_07_13_H3_lancha2_interf
Motorboat/51__23_07_13_H3_lancha2_interf_seg16.wav,Motorboat,1,51__23_07_13_H3_lancha2_interf
Motorboat/51__23_07_13_H3_lancha2_interf_seg17.wav,Motorboat,2,51__23_07_13_H3_lancha2_interf
Motorboat/51__23_07_13_H3_lancha2_interf_seg18.wav,Motorboat,3,51__23_07_13_H3_lancha2_interf
Motorboat/51__23_07_13_H3_lancha2_interf_seg19.wav,Motorboat,4,51__23_07_13_H3_lancha2_interf
Motorboat/52__23_07_13_H3_lancha3_interf_seg1.wav,Motorboat,1,52__23_07_13_H3_lancha3_interf
Motorboat/52__23_07_13_H3_lancha3_interf_seg2.wav,Motorboat,2,52__23_07_13_H3_lancha3_interf
Motorboat/52__23_07_13_H3_lancha3_interf_seg3.wav,Motorboat,3,52__23_07_13_H3_lancha3_interf
Motorboat/52__23_07_13_H3_lancha3_interf_seg4.wav,Motorboat,4,52__23_07_13_H3_lancha3_interf
Motorboat/52__23_07_13_H3_lancha3_interf_seg6.wav,Motorboat,1,52__23_07_13_H3_lancha3_interf
Motorboat/52__23_07_13_H3_lancha3_interf_seg7.wav,Motorboat,2,52__23_07_13_H3_lancha3_interf
Motorboat/52__23_07_13_H3_lancha3_interf_seg8.wav,Motorboat,3,52__23_07_13_H3_lancha3_interf
Motorboat/52__23_07_13_H3_lancha3_interf_seg9.wav,Motorboat,4,52__23_07_13_H3_lancha3_interf
Motorboat/52__23_07_13_H3_lancha3_interf_seg11.wav,Motorboat,1,52__23_07_13_H3_lancha3_interf
Motorboat/52__23_07_13_H3_lancha3_interf_seg12.wav,Motorboat,2,52__23_07_13_H3_lancha3_interf
Motorboat/52__23_07_13_H3_lancha3_interf_seg13.wav,Motorboat,3,52__23_07_13_H3_lancha3_interf
Motorboat/52__23_07_13_H3_lancha3_interf_seg14.wav,Motorboat,4,52__23_07_13_H3_lancha3_interf
Motorboat/52__23_07_13_H3_lancha3_interf_seg16.wav,Motorboat,1,52__23_07_13_H3_lancha3_interf
Motorboat/52__23_07_13_H3_lancha3_interf_seg17.wav,Motorboat,2,52__23_07_13_H3_lancha3_interf
Motorboat/52__23_07_13_H3_lancha3_interf_seg18.wav,Motorboat,3,52__23_07_13_H3_lancha3_interf
Motorboat/52__23_07_13_H3_lancha3_interf_seg19.wav,Motorboat,4,52__23_07_13_H3_lancha3_interf
Motorboat/52__23_07_13_H3_lancha3_interf_seg21.wav,Motorboat,1,52__23_07_13_H3_lancha3_interf
Motorboat/52__23_07_13_H3_lancha3_interf_seg22.wav,Motorboat,2,52__23_07_13_H3_lancha3_interf
Motorboat/52__23_07_13_H3_lancha3_interf_seg23.wav,Motorboat,3,52__23_07_13_H3_lancha3_interf
Motorboat/52__23_07_13_H3_lancha3_interf_seg24.wav,Motorboat,4,52__23_07_13_H3_lancha3_interf
Ocean liner/24__19_07_13_adventureFrenando_duda_seg5.wav,Ocean liner,5,24__19_07_13_adventureFrenando_duda
Ocean liner/23__19_07_13_adventure_parado_seg1.wav,Ocean liner,1,23__19_07_13_adventure_parado
Ocean liner/24__19_07_13_adventureFrenando_duda_seg1.wav,Ocean liner,1,24__19_07_13_adventureFrenando_duda
Ocean liner/24__19_07_13_adventureFrenando_duda_seg2.wav,Ocean liner,2,24__19_07_13_adventureFrenando_duda
Ocean liner/24__19_07_13_adventureFrenando_duda_seg3.wav,Ocean liner,3,24__19_07_13_adventureFrenando_duda
Ocean liner/24__19_07_13_adventureFrenando_duda_seg4.wav,Ocean liner,4,24__19_07_13_adventureFrenando_duda
Ocean liner/24__19_07_13_adventureFrenando_duda_seg6.wav,Ocean liner,1,24__19_07_13_adventureFrenando_duda
Ocean liner/24__19_07_13_adventureFrenando_duda_seg7.wav,Ocean liner,2,24__19_07_13_adventureFrenando_duda
Ocean liner/24__19_07_13_adventureFrenando_duda_seg8.wav,Ocean liner,3,24__19_07_13_adventureFrenando_duda
